Date,RPT,VAL,ROS,KIL,SHA,BIR,DUB,CLA,MUL,CLO,BEL,MAL
1969-01-31,12.824838709677419,12.113870967741935,11.403870967741934,6.708709677419355,10.557096774193548,5.926451612903226,9.882903225806452,8.37516129032258,8.378064516129033,9.515483870967742,13.41,16.957741935483874
1969-02-28,13.504642857142857,10.426785714285714,14.240714285714287,7.326785714285714,11.314642857142857,5.482857142857143,10.983928571428573,8.747142857142858,8.994285714285715,9.081071428571429,14.334642857142857,19.786785714285713
1969-03-31,10.398709677419355,8.533225806451613,12.27741935483871,6.1251612903225805,9.618064516129033,4.94258064516129,9.193225806451613,8.503225806451614,8.376129032258065,7.800967741935485,10.394193548387095,16.419999999999998
1969-04-30,12.591333333333333,9.769333333333332,10.828,6.937333333333333,11.304666666666666,5.578,9.383333333333333,8.141666666666667,9.201333333333334,8.370333333333333,11.905666666666667,14.124
1969-05-31,9.419032258064517,7.941935483870967,9.298387096774194,5.137096774193548,8.618709677419355,5.391935483870968,6.309032258064517,5.752580645161291,5.9074193548387095,6.31741935483871,9.332258064516129,11.79483870967742
1969-06-30,9.360333333333333,8.390333333333334,9.584333333333332,5.098666666666667,8.344,7.484333333333334,6.446333333333333,6.134333333333333,6.597666666666667,6.042333333333334,10.917,11.186333333333332
1969-07-31,9.518064516129032,8.880645161290323,8.515161290322581,5.4154838709677415,9.453870967741935,6.744193548387097,7.854838709677419,7.056774193548387,8.286129032258065,7.78258064516129,14.050967741935484,15.40032258064516
1969-08-31,11.567419354838709,9.656774193548388,9.192580645161291,5.661935483870968,9.66709677419355,6.4070967741935485,7.070322580645161,6.3664516129032265,7.5680645161290325,7.800322580645162,11.952258064516128,13.71516129032258
1969-09-30,8.544333333333332,7.146,10.698,4.161666666666666,8.561333333333334,4.934,7.120333333333334,6.839,6.089333333333333,6.203333333333333,11.665,14.972333333333333
1969-10-31,10.640967741935484,10.424193548387096,10.52258064516129,5.803548387096774,11.54516129032258,7.075483870967742,8.483870967741936,9.713225806451613,8.495806451612903,8.717419354838709,15.348387096774195,17.298709677419353
1969-11-30,12.462,11.430666666666667,12.141333333333334,5.499666666666667,9.828666666666667,6.71,10.166333333333334,8.304666666666668,8.458,7.8646666666666665,14.758666666666667,20.09466666666667
1969-12-31,13.335806451612903,11.969032258064518,12.433225806451613,5.446129032258064,9.766129032258064,7.53258064516129,10.076774193548387,8.656774193548388,8.801935483870968,7.603225806451612,13.511612903225807,17.70709677419355
1970-01-31,13.15258064516129,11.731935483870968,13.083870967741936,5.8109677419354835,9.507741935483871,8.040322580645162,9.843225806451612,8.834193548387097,8.40709677419355,7.626451612903226,12.403870967741934,17.192903225806454
1970-02-28,14.820714285714287,13.776071428571429,12.643928571428571,6.894642857142857,11.923928571428572,7.954642857142857,11.837857142857143,9.223214285714286,10.339642857142858,8.415357142857143,14.899642857142856,18.016785714285714
1970-03-31,14.941612903225806,11.496129032258064,13.180967741935484,7.494193548387097,11.484193548387097,8.24258064516129,12.160967741935485,10.08258064516129,10.936774193548386,9.710645161290321,15.041290322580645,19.093225806451613
1970-04-30,14.733333333333333,11.843666666666667,12.711333333333332,7.316666666666666,10.938333333333333,8.707333333333334,11.171666666666665,9.249666666666666,10.004333333333333,10.178333333333335,13.237,16.89966666666667
1970-05-31,10.185161290322581,9.154193548387097,9.720322580645162,5.639677419354839,10.465483870967741,7.879354838709677,8.98225806451613,8.938387096774193,9.251935483870968,8.784516129032259,13.989354838709678,15.33516129032258
1970-06-30,10.043000000000001,7.848333333333333,10.693000000000001,5.109,9.105333333333334,6.170333333333333,6.945666666666667,6.983333333333333,7.388999999999999,6.5343333333333335,10.913333333333332,11.817333333333332
1970-07-31,12.189677419354839,9.129354838709677,10.676451612903227,6.295483870967741,11.416774193548388,8.203225806451613,10.146774193548387,7.99483870967742,10.370967741935484,8.483548387096775,13.797741935483872,16.36806451612903
1970-08-31,9.561612903225807,8.389677419354838,9.485161290322582,4.765806451612904,8.016774193548386,5.660322580645161,5.986774193548388,5.5361290322580645,6.849677419354839,6.336129032258064,10.348064516129034,11.870645161290323
1970-09-30,11.926666666666668,12.082333333333333,11.035333333333334,6.509333333333333,11.482,7.693,8.184000000000001,7.921,9.359666666666667,8.430666666666667,13.995333333333333,15.865666666666666
1970-10-31,13.35483870967742,11.937096774193549,11.378709677419355,6.665806451612903,11.728387096774194,8.45,10.87483870967742,10.113870967741935,10.560645161290322,9.05258064516129,15.552903225806451,19.79032258064516
1970-11-30,13.721666666666666,11.998333333333333,12.118666666666666,6.5040000000000004,10.860999999999999,8.169333333333332,10.266,8.232333333333333,10.010333333333334,8.312,13.270666666666667,17.852666666666668
1970-12-31,12.788709677419355,9.659032258064517,14.111935483870969,5.684516129032258,10.013548387096774,6.186129032258065,9.073870967741936,6.961290322580646,8.178387096774193,7.634838709677419,10.878064516129031,17.411612903225805
1971-01-31,15.098064516129034,13.398387096774194,13.08,6.364193548387097,11.342258064516129,7.759677419354839,10.297419354838711,8.350000000000001,8.979354838709678,8.666774193548388,14.39258064516129,16.36
1971-02-28,11.724642857142857,9.757142857142856,10.311785714285715,5.242142857142857,9.676785714285714,5.492142857142857,8.683928571428572,7.075,8.272857142857143,7.833571428571429,12.883928571428571,15.863214285714287
1971-03-31,10.84483870967742,8.243225806451612,11.228387096774194,5.629032258064516,8.959999999999999,5.486774193548388,9.061935483870968,6.699999999999999,8.494516129032258,7.758387096774193,11.51,15.678387096774193
1971-04-30,9.884333333333332,6.848,11.187666666666667,4.891333333333334,8.165,5.319,6.688,5.8566666666666665,7.512666666666666,6.051333333333333,9.014000000000001,12.300999999999998
1971-05-31,11.200645161290323,8.883548387096774,9.564838709677419,4.888387096774193,8.322903225806451,5.4232258064516135,5.875806451612903,7.230322580645161,7.49483870967742,7.122580645161291,11.926129032258064,13.10774193548387
1971-06-30,10.862666666666666,8.987,12.891,5.600666666666667,9.741666666666667,5.660333333333333,7.273,7.355,7.842,6.225,11.335333333333333,12.543000000000001
1971-07-31,8.049032258064516,6.914838709677419,8.720645161290323,4.147741935483872,7.808064516129033,3.6319354838709677,5.977741935483871,4.756129032258064,5.58741935483871,4.493225806451613,8.536774193548387,10.575806451612904
1971-08-31,9.783225806451613,6.991935483870968,10.22709677419355,4.540967741935484,8.978064516129033,4.797741935483871,7.450645161290322,5.460645161290323,6.866451612903226,5.244193548387097,10.087741935483871,11.500967741935483
1971-09-30,8.365,6.512666666666666,7.7043333333333335,3.470666666666667,7.676666666666667,5.462666666666666,6.003,4.437333333333333,5.385666666666666,4.748666666666667,9.232333333333333,12.311333333333334
1971-10-31,12.926129032258064,11.106451612903227,12.467419354838709,5.7780645161290325,11.30516129032258,8.562903225806451,10.073225806451612,8.091935483870968,9.121935483870967,9.571290322580644,15.617096774193548,17.890645161290323
1971-11-30,13.334666666666667,10.853666666666667,12.223333333333333,6.250666666666667,10.895000000000001,7.659999999999999,11.062333333333333,7.127666666666667,9.714,8.815,15.145000000000001,21.020333333333333
1971-12-31,13.162580645161292,10.606774193548388,13.367096774193548,6.07,10.393870967741934,7.841612903225807,12.131290322580645,8.605161290322581,9.708387096774192,10.186129032258064,16.759032258064515,21.169354838709676
1972-01-31,14.383870967741935,11.848387096774195,13.73225806451613,5.925161290322581,10.823225806451612,7.291290322580645,11.287096774193548,6.733548387096774,9.109354838709677,8.728387096774194,12.170645161290324,17.598709677419354
1972-02-29,14.046206896551723,10.81448275862069,12.959999999999999,6.347586206896551,10.918620689655173,7.245172413793104,10.27655172413793,7.311379310344828,8.710344827586207,8.854482758620689,13.12448275862069,17.25793103448276
1972-03-31,12.899999999999999,10.50516129032258,13.220322580645162,6.949032258064515,10.996451612903225,6.949677419354838,9.93774193548387,7.025806451612904,8.89774193548387,7.835483870967742,11.52258064516129,15.282580645161291
1972-04-30,13.675333333333333,10.638,13.237666666666666,7.232666666666666,11.253666666666668,7.036333333333333,11.350666666666665,9.060333333333334,9.842333333333332,8.568999999999999,12.967666666666666,14.812000000000001
1972-05-31,15.963225806451613,12.636129032258063,14.579354838709676,7.974838709677419,13.021290322580644,7.5609677419354835,10.773225806451611,10.083548387096773,9.695806451612903,10.083548387096773,15.366451612903226,16.47193548387097
1972-06-30,11.807333333333332,10.685,10.196,6.022,10.055333333333332,6.919333333333333,8.804333333333334,8.778333333333334,8.063666666666666,8.601333333333335,14.641,14.617666666666667
1972-07-31,8.352580645161291,7.2780645161290325,9.48225806451613,4.033548387096775,7.723548387096774,4.491612903225807,6.307741935483871,5.007419354838709,6.573225806451613,4.096774193548387,10.714193548387096,9.363225806451613
1972-08-31,9.82258064516129,6.824193548387097,9.757096774193549,4.443870967741935,6.490322580645161,4.565483870967742,8.524193548387096,5.5364516129032255,7.3025806451612905,5.746774193548387,9.592258064516129,12.696451612903225
1972-09-30,9.247333333333334,7.534000000000001,10.230666666666668,3.7916666666666665,5.322333333333333,3.5803333333333334,6.846333333333333,5.241,5.628,4.171666666666667,9.379,10.56
1972-10-31,11.48967741935484,9.816774193548387,11.952903225806452,5.230967741935483,7.185483870967742,5.014516129032257,9.021290322580645,7.967096774193548,7.726129032258064,6.436774193548387,11.919677419354839,14.347741935483871
1972-11-30,12.247333333333334,12.351666666666667,11.569333333333333,5.364,7.687,5.761666666666667,10.761,8.375,8.483,7.318,13.775666666666666,17.888666666666666
1972-12-31,15.641290322580645,15.786774193548387,13.743548387096775,7.825806451612903,11.673870967741935,9.87774193548387,12.566774193548387,11.049354838709679,10.23258064516129,9.78225806451613,17.575806451612905,19.519354838709678
1973-01-31,13.177741935483871,12.202903225806452,10.860967741935484,5.454516129032259,9.327419354838709,7.419677419354838,10.738709677419354,7.88,8.651290322580644,7.596774193548387,12.076451612903226,14.684516129032257
1973-02-28,14.411071428571429,13.129642857142857,10.126785714285715,6.708928571428571,12.078214285714285,7.673928571428571,10.94357142857143,8.951071428571428,10.840357142857142,8.923214285714286,14.94107142857143,18.833571428571428
1973-03-31,11.840645161290322,11.706451612903225,10.771290322580644,5.574516129032258,9.494516129032258,6.273870967741936,8.374193548387098,8.080967741935483,8.311935483870968,7.856129032258064,12.209677419354838,15.496451612903225
1973-04-30,13.827666666666666,11.922666666666666,13.310333333333334,7.525333333333333,10.235999999999999,8.213,10.935666666666666,9.102,10.109,10.050999999999998,13.133999999999999,16.795
1973-05-31,12.786129032258065,11.152258064516127,11.188387096774195,6.4722580645161285,10.801290322580645,8.265483870967742,9.048064516129033,8.89516129032258,9.909354838709678,8.887419354838709,11.650645161290322,15.821935483870968
1973-06-30,10.205333333333334,8.891666666666667,9.8,5.260999999999999,9.205,6.436000000000001,7.228,7.302666666666667,7.481333333333334,7.144,13.028333333333334,13.108
1973-07-31,8.609032258064516,7.749032258064516,8.081935483870968,4.776774193548388,7.927741935483871,5.450967741935483,6.79,5.8109677419354835,6.862903225806452,6.6487096774193555,11.107096774193549,11.479354838709678
1973-08-31,8.95516129032258,7.868709677419355,8.996774193548386,4.396129032258065,7.860645161290323,4.989354838709677,6.051290322580646,5.1735483870967744,6.171935483870967,5.745161290322581,10.512258064516129,12.328709677419354
1973-09-30,11.632666666666667,10.963666666666667,11.634666666666668,5.194333333333333,9.100333333333333,5.730666666666666,7.053,7.048333333333333,6.911666666666666,6.111666666666666,12.149666666666667,13.966666666666667
1973-10-31,11.531935483870969,9.858709677419355,11.53516129032258,4.356451612903226,8.773225806451613,5.1896774193548385,6.4558064516129035,7.14,6.2545161290322575,6.890322580645161,10.758387096774193,14.955483870967742
1973-11-30,11.540666666666668,10.868,10.613,5.385000000000001,10.463666666666667,6.147333333333334,7.525666666666667,7.619666666666666,8.378333333333334,8.311333333333334,11.499333333333334,18.441
1973-12-31,13.67,12.086774193548386,11.278064516129032,5.619354838709677,10.672580645161291,6.914516129032258,10.841290322580644,8.516129032258064,9.311612903225807,9.702580645161289,13.274193548387096,19.728387096774195
1974-01-31,20.990967741935485,17.623548387096776,17.51483870967742,10.549354838709679,15.858387096774194,11.298387096774194,14.11225806451613,12.786451612903226,14.691935483870967,15.09290322580645,19.92967741935484,24.573225806451614
1974-02-28,13.576071428571428,12.451785714285714,11.263571428571428,6.103928571428571,10.590357142857142,6.5164285714285715,9.818928571428572,8.578928571428571,9.212857142857143,9.045,12.172142857142857,16.891785714285714
1974-03-31,11.156129032258063,10.725483870967743,12.019354838709678,5.743225806451613,9.576451612903226,5.892903225806452,8.52,9.039032258064516,8.339032258064515,7.626774193548387,11.234516129032258,15.141612903225806
1974-04-30,9.481,6.919666666666667,12.099333333333334,4.061,7.659,4.046333333333333,5.438666666666666,7.609333333333334,6.058666666666666,5.024,7.983333333333333,9.898
1974-05-31,13.381290322580645,11.769677419354839,12.355483870967742,6.656451612903226,10.874193548387098,6.481290322580645,9.680645161290323,10.810645161290322,8.830322580645161,9.624516129032259,13.319032258064516,16.006774193548388
1974-06-30,11.288666666666668,8.762666666666666,10.436666666666667,5.1866666666666665,9.715666666666666,5.938999999999999,7.993666666666667,9.750666666666666,7.770666666666667,7.390333333333333,12.068666666666667,13.223
1974-07-31,12.529032258064515,9.932580645161291,10.879677419354838,5.847741935483871,11.22225806451613,6.829032258064516,9.642903225806451,9.358387096774194,8.30483870967742,7.7541935483870965,13.036774193548387,15.242903225806451
1974-08-31,10.369032258064516,10.131612903225806,10.715483870967741,4.638709677419355,8.67483870967742,5.6896774193548385,7.324193548387097,8.739032258064517,7.875806451612903,7.21741935483871,12.354193548387098,14.571290322580644
1974-09-30,14.830666666666668,12.813333333333333,12.155666666666667,6.036666666666666,10.863333333333333,6.724,9.063333333333333,8.909333333333333,8.410666666666666,7.249333333333333,12.320333333333334,16.237333333333332
1974-10-31,14.282580645161291,10.514838709677418,11.64225806451613,6.308387096774194,9.713548387096774,5.68258064516129,10.829354838709676,8.56225806451613,7.775161290322581,7.481935483870967,13.368064516129031,19.197741935483872
1974-11-30,13.125333333333334,12.139000000000001,11.990333333333332,6.086333333333333,11.435333333333334,6.299,11.766666666666667,9.329333333333333,9.640333333333333,8.216666666666667,12.064,17.919666666666668
1974-12-31,18.511290322580646,17.805806451612902,14.773870967741935,9.734838709677419,16.944193548387098,10.153870967741934,16.602903225806454,15.034193548387098,14.883548387096774,12.915161290322581,18.80354838709677,24.124193548387098
1975-01-31,17.100322580645162,15.812903225806451,13.942580645161291,8.081935483870968,13.934193548387096,8.43774193548387,13.179677419354839,12.60193548387097,13.000645161290322,11.064838709677419,19.266774193548386,21.713225806451614
1975-02-28,12.889642857142858,13.217142857142857,11.428928571428571,5.181785714285715,10.488214285714287,6.391785714285715,7.4332142857142856,8.679642857142857,8.996428571428572,6.187142857142858,12.937142857142858,13.868214285714286
1975-03-31,12.605806451612903,10.093225806451612,13.265806451612903,5.503225806451613,8.548064516129033,5.595483870967742,9.509677419354839,7.425806451612903,8.756451612903225,8.203225806451613,11.386451612903226,15.523225806451613
1975-04-30,12.491333333333333,10.339333333333334,11.535333333333334,5.969333333333333,9.285666666666666,6.202333333333333,8.556333333333333,8.033333333333333,9.574666666666667,8.724333333333334,12.909666666666665,15.134333333333332
1975-05-31,9.911612903225807,7.30741935483871,13.80516129032258,4.450645161290322,7.53774193548387,4.507096774193548,6.039354838709677,6.365483870967742,6.742903225806452,5.934838709677419,11.259032258064515,11.52774193548387
1975-06-30,9.931666666666667,8.286666666666667,9.530666666666667,4.444,7.985666666666666,4.561000000000001,5.548666666666667,7.513333333333334,7.328333333333333,6.382000000000001,10.602333333333332,12.943666666666667
1975-07-31,10.034516129032259,8.307419354838709,10.401612903225805,4.5525806451612905,8.558064516129033,5.174516129032258,7.811612903225806,7.30741935483871,8.365483870967742,5.845806451612903,11.093225806451612,11.457096774193548
1975-08-31,9.068387096774194,6.913548387096774,8.643870967741934,4.449677419354838,6.686774193548387,3.9051612903225807,5.739677419354839,5.9148387096774195,7.10516129032258,5.309677419354839,9.685161290322581,11.461935483870967
1975-09-30,12.666,10.365333333333332,11.684333333333333,5.446666666666667,9.22,6.352333333333333,9.579666666666666,8.209333333333333,9.164,7.825666666666667,13.908999999999999,17.195
1975-10-31,13.603548387096774,13.933548387096774,12.422258064516129,6.123548387096774,11.961290322580645,7.709032258064516,8.878064516129033,9.071612903225807,10.121290322580645,8.401612903225805,14.740322580645161,17.113225806451613
1975-11-30,12.206,10.491000000000001,10.797666666666666,4.516333333333334,9.549000000000001,5.0616666666666665,9.996333333333332,6.884333333333333,8.001,7.2780000000000005,11.748,16.960666666666665
1975-12-31,11.65548387096774,8.686774193548386,11.21774193548387,4.478387096774193,6.628709677419355,4.178064516129033,10.351290322580645,6.176129032258065,8.401935483870966,7.3429032258064515,12.028709677419354,18.68903225806452
1976-01-31,15.626129032258063,14.240322580645161,13.867096774193548,7.789354838709677,13.081935483870968,9.003548387096775,15.121290322580645,11.41483870967742,13.493225806451614,11.553870967741936,16.337096774193547,22.896129032258063
1976-02-29,11.597241379310345,12.721379310344828,11.598620689655172,5.59103448275862,9.243448275862068,5.573448275862069,10.52103448275862,9.232413793103449,9.992758620689656,8.53103448275862,14.17448275862069,17.606206896551722
1976-03-31,14.133225806451613,13.796129032258065,12.693548387096774,7.248064516129032,13.29967741935484,8.083548387096775,12.388387096774192,10.573548387096773,12.60225806451613,11.47967741935484,15.076129032258065,19.161935483870966
1976-04-30,12.192666666666666,8.491333333333333,11.68,5.056666666666667,8.037666666666667,5.005,9.78,7.212666666666666,8.872000000000002,8.011333333333333,12.434,14.286333333333335
1976-05-31,13.338064516129032,11.36741935483871,11.277096774193547,5.962903225806452,9.821290322580644,6.268064516129033,9.308387096774194,7.977096774193548,10.030645161290321,8.500645161290322,15.119032258064516,14.16
1976-06-30,9.489666666666666,8.906666666666666,9.965333333333332,4.586,7.033666666666666,5.822,8.206,7.279666666666667,8.683666666666666,7.150666666666667,13.850666666666665,13.566666666666666
1976-07-31,9.68774193548387,7.980967741935483,8.26774193548387,4.631612903225806,7.5767741935483865,4.92741935483871,6.99483870967742,5.135806451612903,7.941290322580645,6.491290322580645,10.264193548387096,11.912258064516129
1976-08-31,7.6406451612903235,5.366129032258065,9.000645161290322,3.142258064516129,4.695483870967742,3.847741935483871,5.437096774193549,3.36258064516129,5.946451612903226,4.4964516129032255,7.079677419354839,9.438387096774195
1976-09-30,11.703666666666667,10.515333333333333,10.466333333333333,5.3133333333333335,8.761333333333333,7.062333333333333,8.617666666666667,6.415333333333334,8.953333333333335,7.263333333333334,11.587,17.634
1976-10-31,12.427096774193549,9.572258064516129,10.639999999999999,4.885483870967741,9.393548387096773,6.906451612903226,6.380322580645161,6.933225806451613,7.5522580645161295,7.449032258064516,11.83774193548387,15.078064516129032
1976-11-30,10.962666666666667,9.443666666666667,9.202,3.6959999999999997,7.459333333333333,7.026333333333333,9.058333333333334,5.7909999999999995,6.577,7.512333333333333,12.568333333333333,15.685333333333334
1976-12-31,11.962258064516128,10.086774193548386,10.474516129032258,3.383870967741936,7.645483870967742,6.148387096774194,8.034516129032259,4.5,5.952258064516129,6.147741935483871,7.814838709677419,14.346774193548388
1977-01-31,13.404516129032258,10.37774193548387,12.764838709677418,5.884516129032258,9.15967741935484,8.005161290322581,10.10741935483871,7.211612903225807,8.28,9.328387096774193,12.131935483870967,18.830000000000002
1977-02-28,12.336785714285714,11.898928571428572,12.016785714285716,5.3175,10.134642857142856,9.423928571428572,10.949642857142859,7.965357142857143,9.319999999999999,8.711428571428572,11.435357142857143,17.56142857142857
1977-03-31,16.75,14.499677419354839,16.118387096774192,8.41451612903226,13.293870967741936,11.56225806451613,14.283225806451613,11.361612903225806,12.102580645161291,11.906451612903227,15.863225806451613,19.133548387096774
1977-04-30,14.955333333333332,12.293000000000001,12.689666666666666,7.4223333333333334,11.74,10.137,13.887666666666666,9.574000000000002,10.342333333333332,11.419666666666666,15.593666666666667,18.27466666666667
1977-05-31,9.441290322580645,7.173870967741936,12.455806451612903,4.507741935483871,6.198387096774193,6.6896774193548385,9.226451612903226,5.638387096774193,6.699354838709677,6.045483870967741,10.213548387096774,11.936129032258064
1977-06-30,11.04,8.353,12.228000000000002,4.864000000000001,8.790333333333333,7.209666666666666,8.799666666666667,5.931,7.065333333333333,6.583333333333333,11.321333333333333,11.175333333333333
1977-07-31,10.881935483870967,8.663548387096775,10.816451612903226,5.419677419354838,9.014838709677418,7.6,9.961935483870967,6.526129032258065,7.980967741935483,7.62,12.924193548387096,12.186774193548388
1977-08-31,9.233548387096775,7.727741935483871,10.679032258064517,4.453870967741936,6.620645161290323,5.961290322580646,8.943548387096774,4.543225806451613,6.384838709677419,5.694838709677419,9.82516129032258,11.659354838709678
1977-09-30,12.472333333333333,10.742666666666667,11.849333333333334,5.6386666666666665,10.077333333333334,8.242666666666667,11.939333333333334,7.923,8.828000000000001,8.506333333333334,14.051,17.03033333333333
1977-10-31,15.004516129032258,13.959999999999999,12.81967741935484,6.7541935483870965,11.779032258064515,9.671612903225807,12.92483870967742,11.87516129032258,11.481290322580646,10.34032258064516,17.640967741935484,19.842903225806452
1977-11-30,16.946666666666665,15.444666666666667,13.561333333333332,7.5840000000000005,12.088666666666667,9.161333333333335,14.050999999999998,11.286,10.318666666666667,10.327,17.215333333333334,22.333000000000002
1977-12-31,14.751935483870968,12.744838709677419,13.46967741935484,6.5922580645161295,11.247741935483871,9.466774193548387,13.231612903225807,10.703870967741935,10.401612903225805,9.415483870967742,13.23741935483871,19.299677419354836
1978-01-31,14.291935483870969,11.87225806451613,12.014193548387096,6.4632258064516135,11.402903225806451,7.517096774193549,12.207096774193548,10.206451612903225,9.549032258064516,9.24741935483871,15.101612903225806,20.715806451612906
1978-02-28,14.143571428571429,12.153214285714286,13.803214285714287,6.8289285714285715,11.196785714285713,7.858928571428572,11.903214285714286,11.068928571428572,10.052142857142856,8.093928571428572,10.353928571428572,17.298571428571428
1978-03-31,14.717096774193548,14.60193548387097,13.334193548387097,8.231290322580644,12.783225806451613,9.488709677419354,12.129354838709677,11.665161290322581,11.656451612903227,9.65709677419355,14.234193548387097,18.611290322580647
1978-04-30,11.805,11.255666666666666,12.516333333333334,5.920333333333334,10.217999999999998,7.301666666666667,8.586333333333332,8.306666666666667,8.537,6.999,11.190666666666667,14.152
1978-05-31,8.270645161290322,7.226774193548387,6.901612903225806,3.740645161290322,6.973870967741935,4.449677419354838,5.420967741935483,6.130645161290323,5.742580645161291,5.926451612903226,9.263548387096774,10.756451612903225
1978-06-30,11.386666666666665,9.474333333333334,10.253333333333334,6.053,10.395333333333333,7.490333333333334,7.928,7.8020000000000005,8.220333333333333,7.55,11.501,15.078666666666667
1978-07-31,12.82,9.750967741935483,9.910322580645161,6.483870967741935,10.05516129032258,7.820645161290322,7.831935483870968,8.459354838709677,8.523870967741935,7.732903225806451,12.648709677419355,14.077419354838709
1978-08-31,9.64516129032258,8.259354838709678,9.03225806451613,4.502903225806452,7.368064516129032,5.935161290322581,5.650322580645161,5.41774193548387,7.241290322580645,5.536774193548387,10.466774193548385,12.054193548387097
1978-09-30,10.913666666666666,10.895000000000001,10.635,5.725,10.372000000000002,9.278333333333334,10.790333333333333,9.583,10.069333333333333,8.939,15.680333333333332,19.391333333333332
1978-10-31,9.89774193548387,8.670967741935485,9.295806451612904,4.7212903225806455,8.525161290322579,6.774193548387097,8.115483870967742,7.337741935483871,8.297741935483872,8.243870967741936,13.776774193548386,17.15
1978-11-30,16.151666666666667,14.802666666666665,13.508000000000001,7.317333333333334,11.475,8.743,11.492333333333333,9.657333333333332,10.701333333333334,10.675999999999998,17.404666666666667,20.723000000000003
1978-12-31,16.175483870967742,13.748064516129032,15.63516129032258,7.094838709677419,11.398709677419355,9.241612903225807,12.077419354838709,10.19483870967742,10.616774193548387,11.028709677419354,13.859677419354838,21.371612903225806
1979-01-31,,,,,,,,,,,,
1979-02-28,,,,,,,,,,,,
1979-03-31,,,,,,,,,,,,
1979-04-30,,,,,,,,,,,,
1979-05-31,,,,,,,,,,,,
1979-06-30,,,,,,,,,,,,
1979-07-31,,,,,,,,,,,,
1979-08-31,,,,,,,,,,,,
1979-09-30,,,,,,,,,,,,
1979-10-31,,,,,,,,,,,,
1979-11-30,,,,,,,,,,,,
1979-12-31,,,,,,,,,,,,
1980-01-31,,,,,,,,,,,,
1980-02-29,,,,,,,,,,,,
1980-03-31,,,,,,,,,,,,
1980-04-30,,,,,,,,,,,,
1980-05-31,,,,,,,,,,,,
1980-06-30,,,,,,,,,,,,
1980-07-31,,,,,,,,,,,,
1980-08-31,,,,,,,,,,,,
1980-09-30,,,,,,,,,,,,
1980-10-31,,,,,,,,,,,,
1980-11-30,,,,,,,,,,,,
1980-12-31,,,,,,,,,,,,
1981-01-31,,,,,,,,,,,,
1981-02-28,,,,,,,,,,,,
1981-03-31,,,,,,,,,,,,
1981-04-30,,,,,,,,,,,,
1981-05-31,,,,,,,,,,,,
1981-06-30,,,,,,,,,,,,
1981-07-31,,,,,,,,,,,,
1981-08-31,,,,,,,,,,,,
1981-09-30,,,,,,,,,,,,
1981-10-31,,,,,,,,,,,,
1981-11-30,,,,,,,,,,,,
1981-12-31,,,,,,,,,,,,
1982-01-31,,,,,,,,,,,,
1982-02-28,,,,,,,,,,,,
1982-03-31,,,,,,,,,,,,
1982-04-30,,,,,,,,,,,,
1982-05-31,,,,,,,,,,,,
1982-06-30,,,,,,,,,,,,
1982-07-31,,,,,,,,,,,,
1982-08-31,,,,,,,,,,,,
1982-09-30,,,,,,,,,,,,
1982-10-31,,,,,,,,,,,,
1982-11-30,,,,,,,,,,,,
1982-12-31,,,,,,,,,,,,
1983-01-31,,,,,,,,,,,,
1983-02-28,,,,,,,,,,,,
1983-03-31,,,,,,,,,,,,
1983-04-30,,,,,,,,,,,,
1983-05-31,,,,,,,,,,,,
1983-06-30,,,,,,,,,,,,
1983-07-31,,,,,,,,,,,,
1983-08-31,,,,,,,,,,,,
1983-09-30,,,,,,,,,,,,
1983-10-31,,,,,,,,,,,,
1983-11-30,,,,,,,,,,,,
1983-12-31,,,,,,,,,,,,
1984-01-31,,,,,,,,,,,,
1984-02-29,,,,,,,,,,,,
1984-03-31,,,,,,,,,,,,
1984-04-30,,,,,,,,,,,,
1984-05-31,,,,,,,,,,,,
1984-06-30,,,,,,,,,,,,
1984-07-31,,,,,,,,,,,,
1984-08-31,,,,,,,,,,,,
1984-09-30,,,,,,,,,,,,
1984-10-31,,,,,,,,,,,,
1984-11-30,,,,,,,,,,,,
1984-12-31,,,,,,,,,,,,
1985-01-31,,,,,,,,,,,,
1985-02-28,,,,,,,,,,,,
1985-03-31,,,,,,,,,,,,
1985-04-30,,,,,,,,,,,,
1985-05-31,,,,,,,,,,,,
1985-06-30,,,,,,,,,,,,
1985-07-31,,,,,,,,,,,,
1985-08-31,,,,,,,,,,,,
1985-09-30,,,,,,,,,,,,
1985-10-31,,,,,,,,,,,,
1985-11-30,,,,,,,,,,,,
1985-12-31,,,,,,,,,,,,
1986-01-31,,,,,,,,,,,,
1986-02-28,,,,,,,,,,,,
1986-03-31,,,,,,,,,,,,
1986-04-30,,,,,,,,,,,,
1986-05-31,,,,,,,,,,,,
1986-06-30,,,,,,,,,,,,
1986-07-31,,,,,,,,,,,,
1986-08-31,,,,,,,,,,,,
1986-09-30,,,,,,,,,,,,
1986-10-31,,,,,,,,,,,,
1986-11-30,,,,,,,,,,,,
1986-12-31,,,,,,,,,,,,
1987-01-31,,,,,,,,,,,,
1987-02-28,,,,,,,,,,,,
1987-03-31,,,,,,,,,,,,
1987-04-30,,,,,,,,,,,,
1987-05-31,,,,,,,,,,,,
1987-06-30,,,,,,,,,,,,
1987-07-31,,,,,,,,,,,,
1987-08-31,,,,,,,,,,,,
1987-09-30,,,,,,,,,,,,
1987-10-31,,,,,,,,,,,,
1987-11-30,,,,,,,,,,,,
1987-12-31,,,,,,,,,,,,
1988-01-31,,,,,,,,,,,,
1988-02-29,,,,,,,,,,,,
1988-03-31,,,,,,,,,,,,
1988-04-30,,,,,,,,,,,,
1988-05-31,,,,,,,,,,,,
1988-06-30,,,,,,,,,,,,
1988-07-31,,,,,,,,,,,,
1988-08-31,,,,,,,,,,,,
1988-09-30,,,,,,,,,,,,
1988-10-31,,,,,,,,,,,,
1988-11-30,,,,,,,,,,,,
1988-12-31,,,,,,,,,,,,
1989-01-31,,,,,,,,,,,,
1989-02-28,,,,,,,,,,,,
1989-03-31,,,,,,,,,,,,
1989-04-30,,,,,,,,,,,,
1989-05-31,,,,,,,,,,,,
1989-06-30,,,,,,,,,,,,
1989-07-31,,,,,,,,,,,,
1989-08-31,,,,,,,,,,,,
1989-09-30,,,,,,,,,,,,
1989-10-31,,,,,,,,,,,,
1989-11-30,,,,,,,,,,,,
1989-12-31,,,,,,,,,,,,
1990-01-31,,,,,,,,,,,,
1990-02-28,,,,,,,,,,,,
1990-03-31,,,,,,,,,,,,
1990-04-30,,,,,,,,,,,,
1990-05-31,,,,,,,,,,,,
1990-06-30,,,,,,,,,,,,
1990-07-31,,,,,,,,,,,,
1990-08-31,,,,,,,,,,,,
1990-09-30,,,,,,,,,,,,
1990-10-31,,,,,,,,,,,,
1990-11-30,,,,,,,,,,,,
1990-12-31,,,,,,,,,,,,
1991-01-31,,,,,,,,,,,,
1991-02-28,,,,,,,,,,,,
1991-03-31,,,,,,,,,,,,
1991-04-30,,,,,,,,,,,,
1991-05-31,,,,,,,,,,,,
1991-06-30,,,,,,,,,,,,
1991-07-31,,,,,,,,,,,,
1991-08-31,,,,,,,,,,,,
1991-09-30,,,,,,,,,,,,
1991-10-31,,,,,,,,,,,,
1991-11-30,,,,,,,,,,,,
1991-12-31,,,,,,,,,,,,
1992-01-31,,,,,,,,,,,,
1992-02-29,,,,,,,,,,,,
1992-03-31,,,,,,,,,,,,
1992-04-30,,,,,,,,,,,,
1992-05-31,,,,,,,,,,,,
1992-06-30,,,,,,,,,,,,
1992-07-31,,,,,,,,,,,,
1992-08-31,,,,,,,,,,,,
1992-09-30,,,,,,,,,,,,
1992-10-31,,,,,,,,,,,,
1992-11-30,,,,,,,,,,,,
1992-12-31,,,,,,,,,,,,
1993-01-31,,,,,,,,,,,,
1993-02-28,,,,,,,,,,,,
1993-03-31,,,,,,,,,,,,
1993-04-30,,,,,,,,,,,,
1993-05-31,,,,,,,,,,,,
1993-06-30,,,,,,,,,,,,
1993-07-31,,,,,,,,,,,,
1993-08-31,,,,,,,,,,,,
1993-09-30,,,,,,,,,,,,
1993-10-31,,,,,,,,,,,,
1993-11-30,,,,,,,,,,,,
1993-12-31,,,,,,,,,,,,
1994-01-31,,,,,,,,,,,,
1994-02-28,,,,,,,,,,,,
1994-03-31,,,,,,,,,,,,
1994-04-30,,,,,,,,,,,,
1994-05-31,,,,,,,,,,,,
1994-06-30,,,,,,,,,,,,
1994-07-31,,,,,,,,,,,,
1994-08-31,,,,,,,,,,,,
1994-09-30,,,,,,,,,,,,
1994-10-31,,,,,,,,,,,,
1994-11-30,,,,,,,,,,,,
1994-12-31,,,,,,,,,,,,
1995-01-31,,,,,,,,,,,,
1995-02-28,,,,,,,,,,,,
1995-03-31,,,,,,,,,,,,
1995-04-30,,,,,,,,,,,,
1995-05-31,,,,,,,,,,,,
1995-06-30,,,,,,,,,,,,
1995-07-31,,,,,,,,,,,,
1995-08-31,,,,,,,,,,,,
1995-09-30,,,,,,,,,,,,
1995-10-31,,,,,,,,,,,,
1995-11-30,,,,,,,,,,,,
1995-12-31,,,,,,,,,,,,
1996-01-31,,,,,,,,,,,,
1996-02-29,,,,,,,,,,,,
1996-03-31,,,,,,,,,,,,
1996-04-30,,,,,,,,,,,,
1996-05-31,,,,,,,,,,,,
1996-06-30,,,,,,,,,,,,
1996-07-31,,,,,,,,,,,,
1996-08-31,,,,,,,,,,,,
1996-09-30,,,,,,,,,,,,
1996-10-31,,,,,,,,,,,,
1996-11-30,,,,,,,,,,,,
1996-12-31,,,,,,,,,,,,
1997-01-31,,,,,,,,,,,,
1997-02-28,,,,,,,,,,,,
1997-03-31,,,,,,,,,,,,
1997-04-30,,,,,,,,,,,,
1997-05-31,,,,,,,,,,,,
1997-06-30,,,,,,,,,,,,
1997-07-31,,,,,,,,,,,,
1997-08-31,,,,,,,,,,,,
1997-09-30,,,,,,,,,,,,
1997-10-31,,,,,,,,,,,,
1997-11-30,,,,,,,,,,,,
1997-12-31,,,,,,,,,,,,
1998-01-31,,,,,,,,,,,,
1998-02-28,,,,,,,,,,,,
1998-03-31,,,,,,,,,,,,
1998-04-30,,,,,,,,,,,,
1998-05-31,,,,,,,,,,,,
1998-06-30,,,,,,,,,,,,
1998-07-31,,,,,,,,,,,,
1998-08-31,,,,,,,,,,,,
1998-09-30,,,,,,,,,,,,
1998-10-31,,,,,,,,,,,,
1998-11-30,,,,,,,,,,,,
1998-12-31,,,,,,,,,,,,
1999-01-31,,,,,,,,,,,,
1999-02-28,,,,,,,,,,,,
1999-03-31,,,,,,,,,,,,
1999-04-30,,,,,,,,,,,,
1999-05-31,,,,,,,,,,,,
1999-06-30,,,,,,,,,,,,
1999-07-31,,,,,,,,,,,,
1999-08-31,,,,,,,,,,,,
1999-09-30,,,,,,,,,,,,
1999-10-31,,,,,,,,,,,,
1999-11-30,,,,,,,,,,,,
1999-12-31,,,,,,,,,,,,
2000-01-31,,,,,,,,,,,,
2000-02-29,,,,,,,,,,,,
2000-03-31,,,,,,,,,,,,
2000-04-30,,,,,,,,,,,,
2000-05-31,,,,,,,,,,,,
2000-06-30,,,,,,,,,,,,
2000-07-31,,,,,,,,,,,,
2000-08-31,,,,,,,,,,,,
2000-09-30,,,,,,,,,,,,
2000-10-31,,,,,,,,,,,,
2000-11-30,,,,,,,,,,,,
2000-12-31,,,,,,,,,,,,
2001-01-31,,,,,,,,,,,,
2001-02-28,,,,,,,,,,,,
2001-03-31,,,,,,,,,,,,
2001-04-30,,,,,,,,,,,,
2001-05-31,,,,,,,,,,,,
2001-06-30,,,,,,,,,,,,
2001-07-31,,,,,,,,,,,,
2001-08-31,,,,,,,,,,,,
2001-09-30,,,,,,,,,,,,
2001-10-31,,,,,,,,,,,,
2001-11-30,,,,,,,,,,,,
2001-12-31,,,,,,,,,,,,
2002-01-31,,,,,,,,,,,,
2002-02-28,,,,,,,,,,,,
2002-03-31,,,,,,,,,,,,
2002-04-30,,,,,,,,,,,,
2002-05-31,,,,,,,,,,,,
2002-06-30,,,,,,,,,,,,
2002-07-31,,,,,,,,,,,,
2002-08-31,,,,,,,,,,,,
2002-09-30,,,,,,,,,,,,
2002-10-31,,,,,,,,,,,,
2002-11-30,,,,,,,,,,,,
2002-12-31,,,,,,,,,,,,
2003-01-31,,,,,,,,,,,,
2003-02-28,,,,,,,,,,,,
2003-03-31,,,,,,,,,,,,
2003-04-30,,,,,,,,,,,,
2003-05-31,,,,,,,,,,,,
2003-06-30,,,,,,,,,,,,
2003-07-31,,,,,,,,,,,,
2003-08-31,,,,,,,,,,,,
2003-09-30,,,,,,,,,,,,
2003-10-31,,,,,,,,,,,,
2003-11-30,,,,,,,,,,,,
2003-12-31,,,,,,,,,,,,
2004-01-31,,,,,,,,,,,,
2004-02-29,,,,,,,,,,,,
2004-03-31,,,,,,,,,,,,
2004-04-30,,,,,,,,,,,,
2004-05-31,,,,,,,,,,,,
2004-06-30,,,,,,,,,,,,
2004-07-31,,,,,,,,,,,,
2004-08-31,,,,,,,,,,,,
2004-09-30,,,,,,,,,,,,
2004-10-31,,,,,,,,,,,,
2004-11-30,,,,,,,,,,,,
2004-12-31,,,,,,,,,,,,
2005-01-31,,,,,,,,,,,,
2005-02-28,,,,,,,,,,,,
2005-03-31,,,,,,,,,,,,
2005-04-30,,,,,,,,,,,,
2005-05-31,,,,,,,,,,,,
2005-06-30,,,,,,,,,,,,
2005-07-31,,,,,,,,,,,,
2005-08-31,,,,,,,,,,,,
2005-09-30,,,,,,,,,,,,
2005-10-31,,,,,,,,,,,,
2005-11-30,,,,,,,,,,,,
2005-12-31,,,,,,,,,,,,
2006-01-31,,,,,,,,,,,,
2006-02-28,,,,,,,,,,,,
2006-03-31,,,,,,,,,,,,
2006-04-30,,,,,,,,,,,,
2006-05-31,,,,,,,,,,,,
2006-06-30,,,,,,,,,,,,
2006-07-31,,,,,,,,,,,,
2006-08-31,,,,,,,,,,,,
2006-09-30,,,,,,,,,,,,
2006-10-31,,,,,,,,,,,,
2006-11-30,,,,,,,,,,,,
2006-12-31,,,,,,,,,,,,
2007-01-31,,,,,,,,,,,,
2007-02-28,,,,,,,,,,,,
2007-03-31,,,,,,,,,,,,
2007-04-30,,,,,,,,,,,,
2007-05-31,,,,,,,,,,,,
2007-06-30,,,,,,,,,,,,
2007-07-31,,,,,,,,,,,,
2007-08-31,,,,,,,,,,,,
2007-09-30,,,,,,,,,,,,
2007-10-31,,,,,,,,,,,,
2007-11-30,,,,,,,,,,,,
2007-12-31,,,,,,,,,,,,
2008-01-31,,,,,,,,,,,,
2008-02-29,,,,,,,,,,,,
2008-03-31,,,,,,,,,,,,
2008-04-30,,,,,,,,,,,,
2008-05-31,,,,,,,,,,,,
2008-06-30,,,,,,,,,,,,
2008-07-31,,,,,,,,,,,,
2008-08-31,,,,,,,,,,,,
2008-09-30,,,,,,,,,,,,
2008-10-31,,,,,,,,,,,,
2008-11-30,,,,,,,,,,,,
2008-12-31,,,,,,,,,,,,
2009-01-31,,,,,,,,,,,,
2009-02-28,,,,,,,,,,,,
2009-03-31,,,,,,,,,,,,
2009-04-30,,,,,,,,,,,,
2009-05-31,,,,,,,,,,,,
2009-06-30,,,,,,,,,,,,
2009-07-31,,,,,,,,,,,,
2009-08-31,,,,,,,,,,,,
2009-09-30,,,,,,,,,,,,
2009-10-31,,,,,,,,,,,,
2009-11-30,,,,,,,,,,,,
2009-12-31,,,,,,,,,,,,
2010-01-31,,,,,,,,,,,,
2010-02-28,,,,,,,,,,,,
2010-03-31,,,,,,,,,,,,
2010-04-30,,,,,,,,,,,,
2010-05-31,,,,,,,,,,,,
2010-06-30,,,,,,,,,,,,
2010-07-31,,,,,,,,,,,,
2010-08-31,,,,,,,,,,,,
2010-09-30,,,,,,,,,,,,
2010-10-31,,,,,,,,,,,,
2010-11-30,,,,,,,,,,,,
2010-12-31,,,,,,,,,,,,
2011-01-31,,,,,,,,,,,,
2011-02-28,,,,,,,,,,,,
2011-03-31,,,,,,,,,,,,
2011-04-30,,,,,,,,,,,,
2011-05-31,,,,,,,,,,,,
2011-06-30,,,,,,,,,,,,
2011-07-31,,,,,,,,,,,,
2011-08-31,,,,,,,,,,,,
2011-09-30,,,,,,,,,,,,
2011-10-31,,,,,,,,,,,,
2011-11-30,,,,,,,,,,,,
2011-12-31,,,,,,,,,,,,
2012-01-31,,,,,,,,,,,,
2012-02-29,,,,,,,,,,,,
2012-03-31,,,,,,,,,,,,
2012-04-30,,,,,,,,,,,,
2012-05-31,,,,,,,,,,,,
2012-06-30,,,,,,,,,,,,
2012-07-31,,,,,,,,,,,,
2012-08-31,,,,,,,,,,,,
2012-09-30,,,,,,,,,,,,
2012-10-31,,,,,,,,,,,,
2012-11-30,,,,,,,,,,,,
2012-12-31,,,,,,,,,,,,
2013-01-31,,,,,,,,,,,,
2013-02-28,,,,,,,,,,,,
2013-03-31,,,,,,,,,,,,
2013-04-30,,,,,,,,,,,,
2013-05-31,,,,,,,,,,,,
2013-06-30,,,,,,,,,,,,
2013-07-31,,,,,,,,,,,,
2013-08-31,,,,,,,,,,,,
2013-09-30,,,,,,,,,,,,
2013-10-31,,,,,,,,,,,,
2013-11-30,,,,,,,,,,,,
2013-12-31,,,,,,,,,,,,
2014-01-31,,,,,,,,,,,,
2014-02-28,,,,,,,,,,,,
2014-03-31,,,,,,,,,,,,
2014-04-30,,,,,,,,,,,,
2014-05-31,,,,,,,,,,,,
2014-06-30,,,,,,,,,,,,
2014-07-31,,,,,,,,,,,,
2014-08-31,,,,,,,,,,,,
2014-09-30,,,,,,,,,,,,
2014-10-31,,,,,,,,,,,,
2014-11-30,,,,,,,,,,,,
2014-12-31,,,,,,,,,,,,
2015-01-31,,,,,,,,,,,,
2015-02-28,,,,,,,,,,,,
2015-03-31,,,,,,,,,,,,
2015-04-30,,,,,,,,,,,,
2015-05-31,,,,,,,,,,,,
2015-06-30,,,,,,,,,,,,
2015-07-31,,,,,,,,,,,,
2015-08-31,,,,,,,,,,,,
2015-09-30,,,,,,,,,,,,
2015-10-31,,,,,,,,,,,,
2015-11-30,,,,,,,,,,,,
2015-12-31,,,,,,,,,,,,
2016-01-31,,,,,,,,,,,,
2016-02-29,,,,,,,,,,,,
2016-03-31,,,,,,,,,,,,
2016-04-30,,,,,,,,,,,,
2016-05-31,,,,,,,,,,,,
2016-06-30,,,,,,,,,,,,
2016-07-31,,,,,,,,,,,,
2016-08-31,,,,,,,,,,,,
2016-09-30,,,,,,,,,,,,
2016-10-31,,,,,,,,,,,,
2016-11-30,,,,,,,,,,,,
2016-12-31,,,,,,,,,,,,
2017-01-31,,,,,,,,,,,,
2017-02-28,,,,,,,,,,,,
2017-03-31,,,,,,,,,,,,
2017-04-30,,,,,,,,,,,,
2017-05-31,,,,,,,,,,,,
2017-06-30,,,,,,,,,,,,
2017-07-31,,,,,,,,,,,,
2017-08-31,,,,,,,,,,,,
2017-09-30,,,,,,,,,,,,
2017-10-31,,,,,,,,,,,,
2017-11-30,,,,,,,,,,,,
2017-12-31,,,,,,,,,,,,
2018-01-31,,,,,,,,,,,,
2018-02-28,,,,,,,,,,,,
2018-03-31,,,,,,,,,,,,
2018-04-30,,,,,,,,,,,,
2018-05-31,,,,,,,,,,,,
2018-06-30,,,,,,,,,,,,
2018-07-31,,,,,,,,,,,,
2018-08-31,,,,,,,,,,,,
2018-09-30,,,,,,,,,,,,
2018-10-31,,,,,,,,,,,,
2018-11-30,,,,,,,,,,,,
2018-12-31,,,,,,,,,,,,
2019-01-31,,,,,,,,,,,,
2019-02-28,,,,,,,,,,,,
2019-03-31,,,,,,,,,,,,
2019-04-30,,,,,,,,,,,,
2019-05-31,,,,,,,,,,,,
2019-06-30,,,,,,,,,,,,
2019-07-31,,,,,,,,,,,,
2019-08-31,,,,,,,,,,,,
2019-09-30,,,,,,,,,,,,
2019-10-31,,,,,,,,,,,,
2019-11-30,,,,,,,,,,,,
2019-12-31,,,,,,,,,,,,
2020-01-31,,,,,,,,,,,,
2020-02-29,,,,,,,,,,,,
2020-03-31,,,,,,,,,,,,
2020-04-30,,,,,,,,,,,,
2020-05-31,,,,,,,,,,,,
2020-06-30,,,,,,,,,,,,
2020-07-31,,,,,,,,,,,,
2020-08-31,,,,,,,,,,,,
2020-09-30,,,,,,,,,,,,
2020-10-31,,,,,,,,,,,,
2020-11-30,,,,,,,,,,,,
2020-12-31,,,,,,,,,,,,
2021-01-31,,,,,,,,,,,,
2021-02-28,,,,,,,,,,,,
2021-03-31,,,,,,,,,,,,
2021-04-30,,,,,,,,,,,,
2021-05-31,,,,,,,,,,,,
2021-06-30,,,,,,,,,,,,
2021-07-31,,,,,,,,,,,,
2021-08-31,,,,,,,,,,,,
2021-09-30,,,,,,,,,,,,
2021-10-31,,,,,,,,,,,,
2021-11-30,,,,,,,,,,,,
2021-12-31,,,,,,,,,,,,
2022-01-31,,,,,,,,,,,,
2022-02-28,,,,,,,,,,,,
2022-03-31,,,,,,,,,,,,
2022-04-30,,,,,,,,,,,,
2022-05-31,,,,,,,,,,,,
2022-06-30,,,,,,,,,,,,
2022-07-31,,,,,,,,,,,,
2022-08-31,,,,,,,,,,,,
2022-09-30,,,,,,,,,,,,
2022-10-31,,,,,,,,,,,,
2022-11-30,,,,,,,,,,,,
2022-12-31,,,,,,,,,,,,
2023-01-31,,,,,,,,,,,,
2023-02-28,,,,,,,,,,,,
2023-03-31,,,,,,,,,,,,
2023-04-30,,,,,,,,,,,,
2023-05-31,,,,,,,,,,,,
2023-06-30,,,,,,,,,,,,
2023-07-31,,,,,,,,,,,,
2023-08-31,,,,,,,,,,,,
2023-09-30,,,,,,,,,,,,
2023-10-31,,,,,,,,,,,,
2023-11-30,,,,,,,,,,,,
2023-12-31,,,,,,,,,,,,
2024-01-31,,,,,,,,,,,,
2024-02-29,,,,,,,,,,,,
2024-03-31,,,,,,,,,,,,
2024-04-30,,,,,,,,,,,,
2024-05-31,,,,,,,,,,,,
2024-06-30,,,,,,,,,,,,
2024-07-31,,,,,,,,,,,,
2024-08-31,,,,,,,,,,,,
2024-09-30,,,,,,,,,,,,
2024-10-31,,,,,,,,,,,,
2024-11-30,,,,,,,,,,,,
2024-12-31,,,,,,,,,,,,
2025-01-31,,,,,,,,,,,,
2025-02-28,,,,,,,,,,,,
2025-03-31,,,,,,,,,,,,
2025-04-30,,,,,,,,,,,,
2025-05-31,,,,,,,,,,,,
2025-06-30,,,,,,,,,,,,
2025-07-31,,,,,,,,,,,,
2025-08-31,,,,,,,,,,,,
2025-09-30,,,,,,,,,,,,
2025-10-31,,,,,,,,,,,,
2025-11-30,,,,,,,,,,,,
2025-12-31,,,,,,,,,,,,
2026-01-31,,,,,,,,,,,,
2026-02-28,,,,,,,,,,,,
2026-03-31,,,,,,,,,,,,
2026-04-30,,,,,,,,,,,,
2026-05-31,,,,,,,,,,,,
2026-06-30,,,,,,,,,,,,
2026-07-31,,,,,,,,,,,,
2026-08-31,,,,,,,,,,,,
2026-09-30,,,,,,,,,,,,
2026-10-31,,,,,,,,,,,,
2026-11-30,,,,,,,,,,,,
2026-12-31,,,,,,,,,,,,
2027-01-31,,,,,,,,,,,,
2027-02-28,,,,,,,,,,,,
2027-03-31,,,,,,,,,,,,
2027-04-30,,,,,,,,,,,,
2027-05-31,,,,,,,,,,,,
2027-06-30,,,,,,,,,,,,
2027-07-31,,,,,,,,,,,,
2027-08-31,,,,,,,,,,,,
2027-09-30,,,,,,,,,,,,
2027-10-31,,,,,,,,,,,,
2027-11-30,,,,,,,,,,,,
2027-12-31,,,,,,,,,,,,
2028-01-31,,,,,,,,,,,,
2028-02-29,,,,,,,,,,,,
2028-03-31,,,,,,,,,,,,
2028-04-30,,,,,,,,,,,,
2028-05-31,,,,,,,,,,,,
2028-06-30,,,,,,,,,,,,
2028-07-31,,,,,,,,,,,,
2028-08-31,,,,,,,,,,,,
2028-09-30,,,,,,,,,,,,
2028-10-31,,,,,,,,,,,,
2028-11-30,,,,,,,,,,,,
2028-12-31,,,,,,,,,,,,
2029-01-31,,,,,,,,,,,,
2029-02-28,,,,,,,,,,,,
2029-03-31,,,,,,,,,,,,
2029-04-30,,,,,,,,,,,,
2029-05-31,,,,,,,,,,,,
2029-06-30,,,,,,,,,,,,
2029-07-31,,,,,,,,,,,,
2029-08-31,,,,,,,,,,,,
2029-09-30,,,,,,,,,,,,
2029-10-31,,,,,,,,,,,,
2029-11-30,,,,,,,,,,,,
2029-12-31,,,,,,,,,,,,
2030-01-31,,,,,,,,,,,,
2030-02-28,,,,,,,,,,,,
2030-03-31,,,,,,,,,,,,
2030-04-30,,,,,,,,,,,,
2030-05-31,,,,,,,,,,,,
2030-06-30,,,,,,,,,,,,
2030-07-31,,,,,,,,,,,,
2030-08-31,,,,,,,,,,,,
2030-09-30,,,,,,,,,,,,
2030-10-31,,,,,,,,,,,,
2030-11-30,,,,,,,,,,,,
2030-12-31,,,,,,,,,,,,
2031-01-31,,,,,,,,,,,,
2031-02-28,,,,,,,,,,,,
2031-03-31,,,,,,,,,,,,
2031-04-30,,,,,,,,,,,,
2031-05-31,,,,,,,,,,,,
2031-06-30,,,,,,,,,,,,
2031-07-31,,,,,,,,,,,,
2031-08-31,,,,,,,,,,,,
2031-09-30,,,,,,,,,,,,
2031-10-31,,,,,,,,,,,,
2031-11-30,,,,,,,,,,,,
2031-12-31,,,,,,,,,,,,
2032-01-31,,,,,,,,,,,,
2032-02-29,,,,,,,,,,,,
2032-03-31,,,,,,,,,,,,
2032-04-30,,,,,,,,,,,,
2032-05-31,,,,,,,,,,,,
2032-06-30,,,,,,,,,,,,
2032-07-31,,,,,,,,,,,,
2032-08-31,,,,,,,,,,,,
2032-09-30,,,,,,,,,,,,
2032-10-31,,,,,,,,,,,,
2032-11-30,,,,,,,,,,,,
2032-12-31,,,,,,,,,,,,
2033-01-31,,,,,,,,,,,,
2033-02-28,,,,,,,,,,,,
2033-03-31,,,,,,,,,,,,
2033-04-30,,,,,,,,,,,,
2033-05-31,,,,,,,,,,,,
2033-06-30,,,,,,,,,,,,
2033-07-31,,,,,,,,,,,,
2033-08-31,,,,,,,,,,,,
2033-09-30,,,,,,,,,,,,
2033-10-31,,,,,,,,,,,,
2033-11-30,,,,,,,,,,,,
2033-12-31,,,,,,,,,,,,
2034-01-31,,,,,,,,,,,,
2034-02-28,,,,,,,,,,,,
2034-03-31,,,,,,,,,,,,
2034-04-30,,,,,,,,,,,,
2034-05-31,,,,,,,,,,,,
2034-06-30,,,,,,,,,,,,
2034-07-31,,,,,,,,,,,,
2034-08-31,,,,,,,,,,,,
2034-09-30,,,,,,,,,,,,
2034-10-31,,,,,,,,,,,,
2034-11-30,,,,,,,,,,,,
2034-12-31,,,,,,,,,,,,
2035-01-31,,,,,,,,,,,,
2035-02-28,,,,,,,,,,,,
2035-03-31,,,,,,,,,,,,
2035-04-30,,,,,,,,,,,,
2035-05-31,,,,,,,,,,,,
2035-06-30,,,,,,,,,,,,
2035-07-31,,,,,,,,,,,,
2035-08-31,,,,,,,,,,,,
2035-09-30,,,,,,,,,,,,
2035-10-31,,,,,,,,,,,,
2035-11-30,,,,,,,,,,,,
2035-12-31,,,,,,,,,,,,
2036-01-31,,,,,,,,,,,,
2036-02-29,,,,,,,,,,,,
2036-03-31,,,,,,,,,,,,
2036-04-30,,,,,,,,,,,,
2036-05-31,,,,,,,,,,,,
2036-06-30,,,,,,,,,,,,
2036-07-31,,,,,,,,,,,,
2036-08-31,,,,,,,,,,,,
2036-09-30,,,,,,,,,,,,
2036-10-31,,,,,,,,,,,,
2036-11-30,,,,,,,,,,,,
2036-12-31,,,,,,,,,,,,
2037-01-31,,,,,,,,,,,,
2037-02-28,,,,,,,,,,,,
2037-03-31,,,,,,,,,,,,
2037-04-30,,,,,,,,,,,,
2037-05-31,,,,,,,,,,,,
2037-06-30,,,,,,,,,,,,
2037-07-31,,,,,,,,,,,,
2037-08-31,,,,,,,,,,,,
2037-09-30,,,,,,,,,,,,
2037-10-31,,,,,,,,,,,,
2037-11-30,,,,,,,,,,,,
2037-12-31,,,,,,,,,,,,
2038-01-31,,,,,,,,,,,,
2038-02-28,,,,,,,,,,,,
2038-03-31,,,,,,,,,,,,
2038-04-30,,,,,,,,,,,,
2038-05-31,,,,,,,,,,,,
2038-06-30,,,,,,,,,,,,
2038-07-31,,,,,,,,,,,,
2038-08-31,,,,,,,,,,,,
2038-09-30,,,,,,,,,,,,
2038-10-31,,,,,,,,,,,,
2038-11-30,,,,,,,,,,,,
2038-12-31,,,,,,,,,,,,
2039-01-31,,,,,,,,,,,,
2039-02-28,,,,,,,,,,,,
2039-03-31,,,,,,,,,,,,
2039-04-30,,,,,,,,,,,,
2039-05-31,,,,,,,,,,,,
2039-06-30,,,,,,,,,,,,
2039-07-31,,,,,,,,,,,,
2039-08-31,,,,,,,,,,,,
2039-09-30,,,,,,,,,,,,
2039-10-31,,,,,,,,,,,,
2039-11-30,,,,,,,,,,,,
2039-12-31,,,,,,,,,,,,
2040-01-31,,,,,,,,,,,,
2040-02-29,,,,,,,,,,,,
2040-03-31,,,,,,,,,,,,
2040-04-30,,,,,,,,,,,,
2040-05-31,,,,,,,,,,,,
2040-06-30,,,,,,,,,,,,
2040-07-31,,,,,,,,,,,,
2040-08-31,,,,,,,,,,,,
2040-09-30,,,,,,,,,,,,
2040-10-31,,,,,,,,,,,,
2040-11-30,,,,,,,,,,,,
2040-12-31,,,,,,,,,,,,
2041-01-31,,,,,,,,,,,,
2041-02-28,,,,,,,,,,,,
2041-03-31,,,,,,,,,,,,
2041-04-30,,,,,,,,,,,,
2041-05-31,,,,,,,,,,,,
2041-06-30,,,,,,,,,,,,
2041-07-31,,,,,,,,,,,,
2041-08-31,,,,,,,,,,,,
2041-09-30,,,,,,,,,,,,
2041-10-31,,,,,,,,,,,,
2041-11-30,,,,,,,,,,,,
2041-12-31,,,,,,,,,,,,
2042-01-31,,,,,,,,,,,,
2042-02-28,,,,,,,,,,,,
2042-03-31,,,,,,,,,,,,
2042-04-30,,,,,,,,,,,,
2042-05-31,,,,,,,,,,,,
2042-06-30,,,,,,,,,,,,
2042-07-31,,,,,,,,,,,,
2042-08-31,,,,,,,,,,,,
2042-09-30,,,,,,,,,,,,
2042-10-31,,,,,,,,,,,,
2042-11-30,,,,,,,,,,,,
2042-12-31,,,,,,,,,,,,
2043-01-31,,,,,,,,,,,,
2043-02-28,,,,,,,,,,,,
2043-03-31,,,,,,,,,,,,
2043-04-30,,,,,,,,,,,,
2043-05-31,,,,,,,,,,,,
2043-06-30,,,,,,,,,,,,
2043-07-31,,,,,,,,,,,,
2043-08-31,,,,,,,,,,,,
2043-09-30,,,,,,,,,,,,
2043-10-31,,,,,,,,,,,,
2043-11-30,,,,,,,,,,,,
2043-12-31,,,,,,,,,,,,
2044-01-31,,,,,,,,,,,,
2044-02-29,,,,,,,,,,,,
2044-03-31,,,,,,,,,,,,
2044-04-30,,,,,,,,,,,,
2044-05-31,,,,,,,,,,,,
2044-06-30,,,,,,,,,,,,
2044-07-31,,,,,,,,,,,,
2044-08-31,,,,,,,,,,,,
2044-09-30,,,,,,,,,,,,
2044-10-31,,,,,,,,,,,,
2044-11-30,,,,,,,,,,,,
2044-12-31,,,,,,,,,,,,
2045-01-31,,,,,,,,,,,,
2045-02-28,,,,,,,,,,,,
2045-03-31,,,,,,,,,,,,
2045-04-30,,,,,,,,,,,,
2045-05-31,,,,,,,,,,,,
2045-06-30,,,,,,,,,,,,
2045-07-31,,,,,,,,,,,,
2045-08-31,,,,,,,,,,,,
2045-09-30,,,,,,,,,,,,
2045-10-31,,,,,,,,,,,,
2045-11-30,,,,,,,,,,,,
2045-12-31,,,,,,,,,,,,
2046-01-31,,,,,,,,,,,,
2046-02-28,,,,,,,,,,,,
2046-03-31,,,,,,,,,,,,
2046-04-30,,,,,,,,,,,,
2046-05-31,,,,,,,,,,,,
2046-06-30,,,,,,,,,,,,
2046-07-31,,,,,,,,,,,,
2046-08-31,,,,,,,,,,,,
2046-09-30,,,,,,,,,,,,
2046-10-31,,,,,,,,,,,,
2046-11-30,,,,,,,,,,,,
2046-12-31,,,,,,,,,,,,
2047-01-31,,,,,,,,,,,,
2047-02-28,,,,,,,,,,,,
2047-03-31,,,,,,,,,,,,
2047-04-30,,,,,,,,,,,,
2047-05-31,,,,,,,,,,,,
2047-06-30,,,,,,,,,,,,
2047-07-31,,,,,,,,,,,,
2047-08-31,,,,,,,,,,,,
2047-09-30,,,,,,,,,,,,
2047-10-31,,,,,,,,,,,,
2047-11-30,,,,,,,,,,,,
2047-12-31,,,,,,,,,,,,
2048-01-31,,,,,,,,,,,,
2048-02-29,,,,,,,,,,,,
2048-03-31,,,,,,,,,,,,
2048-04-30,,,,,,,,,,,,
2048-05-31,,,,,,,,,,,,
2048-06-30,,,,,,,,,,,,
2048-07-31,,,,,,,,,,,,
2048-08-31,,,,,,,,,,,,
2048-09-30,,,,,,,,,,,,
2048-10-31,,,,,,,,,,,,
2048-11-30,,,,,,,,,,,,
2048-12-31,,,,,,,,,,,,
2049-01-31,,,,,,,,,,,,
2049-02-28,,,,,,,,,,,,
2049-03-31,,,,,,,,,,,,
2049-04-30,,,,,,,,,,,,
2049-05-31,,,,,,,,,,,,
2049-06-30,,,,,,,,,,,,
2049-07-31,,,,,,,,,,,,
2049-08-31,,,,,,,,,,,,
2049-09-30,,,,,,,,,,,,
2049-10-31,,,,,,,,,,,,
2049-11-30,,,,,,,,,,,,
2049-12-31,,,,,,,,,,,,
2050-01-31,,,,,,,,,,,,
2050-02-28,,,,,,,,,,,,
2050-03-31,,,,,,,,,,,,
2050-04-30,,,,,,,,,,,,
2050-05-31,,,,,,,,,,,,
2050-06-30,,,,,,,,,,,,
2050-07-31,,,,,,,,,,,,
2050-08-31,,,,,,,,,,,,
2050-09-30,,,,,,,,,,,,
2050-10-31,,,,,,,,,,,,
2050-11-30,,,,,,,,,,,,
2050-12-31,,,,,,,,,,,,
2051-01-31,,,,,,,,,,,,
2051-02-28,,,,,,,,,,,,
2051-03-31,,,,,,,,,,,,
2051-04-30,,,,,,,,,,,,
2051-05-31,,,,,,,,,,,,
2051-06-30,,,,,,,,,,,,
2051-07-31,,,,,,,,,,,,
2051-08-31,,,,,,,,,,,,
2051-09-30,,,,,,,,,,,,
2051-10-31,,,,,,,,,,,,
2051-11-30,,,,,,,,,,,,
2051-12-31,,,,,,,,,,,,
2052-01-31,,,,,,,,,,,,
2052-02-29,,,,,,,,,,,,
2052-03-31,,,,,,,,,,,,
2052-04-30,,,,,,,,,,,,
2052-05-31,,,,,,,,,,,,
2052-06-30,,,,,,,,,,,,
2052-07-31,,,,,,,,,,,,
2052-08-31,,,,,,,,,,,,
2052-09-30,,,,,,,,,,,,
2052-10-31,,,,,,,,,,,,
2052-11-30,,,,,,,,,,,,
2052-12-31,,,,,,,,,,,,
2053-01-31,,,,,,,,,,,,
2053-02-28,,,,,,,,,,,,
2053-03-31,,,,,,,,,,,,
2053-04-30,,,,,,,,,,,,
2053-05-31,,,,,,,,,,,,
2053-06-30,,,,,,,,,,,,
2053-07-31,,,,,,,,,,,,
2053-08-31,,,,,,,,,,,,
2053-09-30,,,,,,,,,,,,
2053-10-31,,,,,,,,,,,,
2053-11-30,,,,,,,,,,,,
2053-12-31,,,,,,,,,,,,
2054-01-31,,,,,,,,,,,,
2054-02-28,,,,,,,,,,,,
2054-03-31,,,,,,,,,,,,
2054-04-30,,,,,,,,,,,,
2054-05-31,,,,,,,,,,,,
2054-06-30,,,,,,,,,,,,
2054-07-31,,,,,,,,,,,,
2054-08-31,,,,,,,,,,,,
2054-09-30,,,,,,,,,,,,
2054-10-31,,,,,,,,,,,,
2054-11-30,,,,,,,,,,,,
2054-12-31,,,,,,,,,,,,
2055-01-31,,,,,,,,,,,,
2055-02-28,,,,,,,,,,,,
2055-03-31,,,,,,,,,,,,
2055-04-30,,,,,,,,,,,,
2055-05-31,,,,,,,,,,,,
2055-06-30,,,,,,,,,,,,
2055-07-31,,,,,,,,,,,,
2055-08-31,,,,,,,,,,,,
2055-09-30,,,,,,,,,,,,
2055-10-31,,,,,,,,,,,,
2055-11-30,,,,,,,,,,,,
2055-12-31,,,,,,,,,,,,
2056-01-31,,,,,,,,,,,,
2056-02-29,,,,,,,,,,,,
2056-03-31,,,,,,,,,,,,
2056-04-30,,,,,,,,,,,,
2056-05-31,,,,,,,,,,,,
2056-06-30,,,,,,,,,,,,
2056-07-31,,,,,,,,,,,,
2056-08-31,,,,,,,,,,,,
2056-09-30,,,,,,,,,,,,
2056-10-31,,,,,,,,,,,,
2056-11-30,,,,,,,,,,,,
2056-12-31,,,,,,,,,,,,
2057-01-31,,,,,,,,,,,,
2057-02-28,,,,,,,,,,,,
2057-03-31,,,,,,,,,,,,
2057-04-30,,,,,,,,,,,,
2057-05-31,,,,,,,,,,,,
2057-06-30,,,,,,,,,,,,
2057-07-31,,,,,,,,,,,,
2057-08-31,,,,,,,,,,,,
2057-09-30,,,,,,,,,,,,
2057-10-31,,,,,,,,,,,,
2057-11-30,,,,,,,,,,,,
2057-12-31,,,,,,,,,,,,
2058-01-31,,,,,,,,,,,,
2058-02-28,,,,,,,,,,,,
2058-03-31,,,,,,,,,,,,
2058-04-30,,,,,,,,,,,,
2058-05-31,,,,,,,,,,,,
2058-06-30,,,,,,,,,,,,
2058-07-31,,,,,,,,,,,,
2058-08-31,,,,,,,,,,,,
2058-09-30,,,,,,,,,,,,
2058-10-31,,,,,,,,,,,,
2058-11-30,,,,,,,,,,,,
2058-12-31,,,,,,,,,,,,
2059-01-31,,,,,,,,,,,,
2059-02-28,,,,,,,,,,,,
2059-03-31,,,,,,,,,,,,
2059-04-30,,,,,,,,,,,,
2059-05-31,,,,,,,,,,,,
2059-06-30,,,,,,,,,,,,
2059-07-31,,,,,,,,,,,,
2059-08-31,,,,,,,,,,,,
2059-09-30,,,,,,,,,,,,
2059-10-31,,,,,,,,,,,,
2059-11-30,,,,,,,,,,,,
2059-12-31,,,,,,,,,,,,
2060-01-31,,,,,,,,,,,,
2060-02-29,,,,,,,,,,,,
2060-03-31,,,,,,,,,,,,
2060-04-30,,,,,,,,,,,,
2060-05-31,,,,,,,,,,,,
2060-06-30,,,,,,,,,,,,
2060-07-31,,,,,,,,,,,,
2060-08-31,,,,,,,,,,,,
2060-09-30,,,,,,,,,,,,
2060-10-31,,,,,,,,,,,,
2060-11-30,,,,,,,,,,,,
2060-12-31,,,,,,,,,,,,
2061-01-31,14.841333333333333,11.988333333333333,13.431612903225806,7.736774193548388,11.072758620689656,8.588064516129032,11.184838709677418,9.245333333333333,9.085806451612902,10.10741935483871,13.880967741935484,14.703225806451613
2061-02-28,16.269285714285715,14.975357142857144,14.441481481481482,9.23074074074074,13.852142857142857,10.9375,11.890714285714285,11.84607142857143,11.821428571428571,12.714285714285714,18.583214285714288,15.411785714285713
2061-03-31,10.889999999999999,11.296451612903226,10.75290322580645,7.284000000000001,10.509354838709678,8.866774193548387,9.644193548387097,9.829677419354837,10.294137931034482,11.251935483870968,16.410967741935483,15.72
2061-04-30,10.722666666666667,9.427666666666665,9.998,5.8306666666666676,8.435,6.495,6.925333333333333,7.094666666666667,7.342333333333333,7.237,11.147333333333334,10.278333333333334
2061-05-31,9.860967741935484,8.85,10.818064516129033,5.905333333333333,9.490322580645161,6.574838709677419,7.604,8.177096774193549,8.039354838709677,8.499354838709678,11.900322580645161,12.011612903225807
2061-06-30,9.904137931034484,8.520333333333333,8.866999999999999,6.083,10.824,6.707333333333334,9.095666666666666,8.849333333333334,9.086666666666668,9.940333333333333,13.995000000000001,14.553793103448276
2061-07-31,10.614193548387098,8.221612903225807,9.110322580645162,6.340967741935484,10.532580645161291,6.198387096774193,8.353333333333333,8.284193548387098,8.077096774193548,8.891612903225806,11.09258064516129,12.312903225806451
2061-08-31,12.035,10.133870967741935,10.335806451612902,6.845806451612903,12.71516129032258,8.441935483870967,10.093870967741934,10.460967741935482,9.111612903225806,10.544666666666668,14.41,14.345333333333334
2061-09-30,12.531,9.656896551724138,10.776896551724137,7.15551724137931,11.003333333333334,7.234,8.206,8.936551724137932,7.7283333333333335,9.931333333333333,13.718333333333334,12.921666666666665
2061-10-31,14.289666666666667,10.915806451612903,12.236451612903226,8.154838709677419,11.865483870967742,8.333870967741936,11.194193548387096,9.271935483870967,8.942666666666666,11.455806451612903,14.229354838709678,16.793225806451613
2061-11-30,10.896333333333333,8.592666666666666,11.850333333333333,6.0456666666666665,9.123666666666667,6.250666666666667,10.869655172413793,6.313666666666666,6.575,8.383666666666667,10.776666666666667,12.145999999999999
2061-12-31,14.973548387096775,11.903870967741934,13.980322580645161,7.073870967741935,11.323548387096775,8.30225806451613,11.753548387096775,8.163225806451614,7.965806451612903,9.246774193548386,12.239354838709678,13.098709677419356
2062-01-31,14.783870967741937,13.160322580645161,12.591935483870968,7.538064516129032,11.779677419354838,8.72,14.211935483870967,9.600000000000001,9.67,11.498709677419354,16.369354838709675,15.661612903225807
2062-02-28,15.844642857142857,12.04142857142857,15.178928571428571,9.262962962962963,13.821428571428571,9.726785714285715,16.916428571428572,11.285357142857142,12.021071428571428,12.126428571428573,16.705357142857142,18.426785714285717
2062-03-31,11.634333333333334,8.60225806451613,12.110645161290323,6.403225806451613,10.35225806451613,6.732258064516128,10.223225806451614,7.641935483870968,7.092258064516129,8.05258064516129,9.69,11.508999999999999
2062-04-30,12.160666666666666,9.676666666666668,12.088333333333333,7.162999999999999,10.544,7.558000000000001,11.479999999999999,8.722000000000001,8.703666666666667,9.311666666666667,12.234333333333334,11.780666666666667
2062-05-31,12.745806451612903,10.865483870967742,11.87483870967742,7.4719354838709675,11.285806451612904,7.209032258064517,10.105806451612905,9.084516129032258,7.868064516129032,9.293225806451613,12.129999999999999,12.922580645161291
2062-06-30,10.305666666666667,9.677,9.996333333333332,6.846666666666667,10.711333333333332,7.441333333333334,10.548666666666666,10.306666666666667,9.196,10.520333333333333,13.757,15.218333333333334
2062-07-31,9.981935483870968,8.370645161290323,9.753548387096775,6.093225806451613,9.112903225806452,5.877096774193548,7.781612903225806,8.123225806451613,6.829677419354839,8.613225806451613,10.783870967741937,11.326129032258065
2062-08-31,10.964193548387096,9.694193548387096,10.184516129032257,6.701290322580645,10.46516129032258,7.009032258064516,11.136774193548387,9.09741935483871,8.645483870967741,9.511612903225807,13.119032258064516,15.420967741935485
2062-09-30,11.176333333333334,9.507,11.639999999999999,6.164333333333333,9.722333333333333,6.214,8.488,7.020333333333332,6.3726666666666665,8.286,11.483666666666666,12.313333333333333
2062-10-31,9.699354838709677,8.063548387096775,9.357096774193549,4.818064516129032,8.432258064516128,5.7299999999999995,8.448064516129032,7.626774193548387,6.630645161290323,9.091290322580644,13.286774193548387,14.09032258064516
2062-11-30,11.071333333333333,7.984,12.035666666666666,5.739999999999999,8.135666666666667,6.338333333333334,9.615333333333332,5.943,6.362333333333334,8.084333333333333,9.786666666666667,13.298333333333334
2062-12-31,16.78548387096774,13.753548387096775,14.276451612903225,9.55741935483871,13.724838709677421,10.321612903225807,13.735806451612904,11.212258064516128,10.683548387096774,11.881935483870967,16.043548387096774,20.074516129032258
2063-01-31,14.868387096774194,11.112903225806452,15.121612903225806,6.635806451612903,11.080645161290322,7.835483870967742,12.79741935483871,9.84483870967742,7.841612903225807,9.389999999999999,11.428709677419356,18.82225806451613
2063-02-28,14.418928571428571,11.876428571428573,15.697500000000002,8.611785714285714,12.887857142857143,9.600357142857144,12.729285714285714,10.823214285714286,8.981785714285715,10.355714285714285,13.266428571428571,17.120714285714286
2063-03-31,14.853870967741937,12.271290322580645,14.295806451612904,9.268387096774193,13.112903225806452,10.088064516129032,12.168387096774195,11.340967741935483,9.690967741935484,11.515483870967742,13.982903225806453,14.13258064516129
2063-04-30,11.616000000000001,10.138,13.233666666666666,7.990333333333334,11.515333333333333,9.727,11.979000000000001,11.353,10.341666666666667,11.900333333333332,13.875666666666666,16.333666666666666
2063-05-31,12.879677419354838,11.010645161290322,12.881290322580645,8.411612903225807,12.981612903225807,9.73967741935484,12.280967741935482,10.964193548387096,10.745161290322581,11.394838709677419,14.777096774193547,14.975161290322582
2063-06-30,10.623333333333333,8.434666666666667,11.685,6.420333333333334,10.142666666666665,7.219333333333333,9.267333333333333,9.589333333333334,8.583666666666666,9.585333333333333,12.098,11.358666666666666
2063-07-31,7.4070967741935485,7.655806451612904,7.52258064516129,5.260645161290323,8.595806451612905,5.6567741935483875,7.71516129032258,8.646129032258065,6.739032258064516,8.290967741935484,11.404838709677419,10.84032258064516
2063-08-31,12.954193548387096,10.708387096774192,11.27032258064516,7.1409677419354844,12.20516129032258,8.12967741935484,9.85741935483871,10.125483870967741,9.355483870967742,10.047741935483872,13.139354838709677,12.580645161290322
2063-09-30,10.373666666666667,9.860666666666667,8.911333333333333,5.36,10.175666666666666,6.587666666666666,9.374,9.254666666666667,7.625333333333334,8.988666666666667,13.718333333333334,15.146333333333333
2063-10-31,13.830645161290322,12.025483870967742,12.108064516129033,7.686451612903226,12.838064516129032,9.229354838709678,11.333870967741936,11.072903225806451,9.399999999999999,11.00258064516129,16.46677419354839,16.870645161290323
2063-11-30,15.349666666666668,13.321333333333333,13.174000000000001,8.001666666666667,13.349666666666668,9.026666666666667,11.900666666666666,10.367999999999999,9.278666666666668,10.078333333333335,14.932666666666668,15.425666666666666
2063-12-31,14.63516129032258,11.67741935483871,14.796129032258065,7.246774193548387,11.861290322580645,8.451290322580645,11.60741935483871,10.677741935483871,8.274193548387096,10.144838709677419,14.541935483870969,16.530967741935484
2064-01-31,12.661290322580646,11.818387096774194,11.741290322580646,6.953548387096775,11.400645161290322,6.865806451612904,9.59290322580645,9.68741935483871,6.9477419354838705,9.676774193548388,15.06741935483871,14.145483870967741
2064-02-29,14.114137931034483,12.487241379310344,13.959655172413793,8.01,13.164137931034482,9.230689655172414,12.821724137931033,11.64655172413793,8.137241379310346,12.339655172413794,14.900689655172414,16.857586206896553
2064-03-31,12.737741935483871,11.431612903225806,14.141290322580645,6.901612903225806,12.949677419354838,7.911935483870968,10.771935483870967,10.063225806451612,7.424516129032258,10.865806451612903,12.353548387096774,15.409354838709678
2064-04-30,12.001666666666667,10.374666666666666,13.020666666666667,7.5793333333333335,11.97,8.113666666666667,10.994333333333334,10.197,7.475,10.724333333333334,13.252333333333333,14.187666666666667
2064-05-31,13.126129032258065,12.629677419354838,14.438064516129032,8.299354838709677,13.381290322580645,9.499677419354839,11.366774193548387,11.772258064516128,8.956774193548387,11.783225806451613,16.09516129032258,14.57516129032258
2064-06-30,11.712333333333333,10.009333333333332,10.899666666666667,6.929666666666666,11.338666666666665,6.8453333333333335,9.547333333333334,9.312999999999999,8.366666666666667,10.181000000000001,13.074000000000002,14.147666666666668
2064-07-31,10.425483870967742,9.337741935483871,8.84032258064516,6.2380645161290325,10.878709677419355,7.222903225806451,8.964193548387096,9.155806451612902,8.314516129032258,9.395806451612902,13.23258064516129,15.27290322580645
2064-08-31,10.501612903225807,8.300967741935484,10.257096774193549,5.538387096774193,9.51774193548387,6.470322580645161,8.202903225806452,7.289677419354838,6.753225806451613,8.773225806451613,11.137096774193548,12.241935483870968
2064-09-30,11.392,9.455666666666668,10.681999999999999,6.077,10.899333333333335,7.321333333333333,9.156333333333333,8.836333333333334,7.943,9.59,13.469333333333333,14.235999999999999
2064-10-31,11.856451612903227,10.81,10.029032258064515,5.692903225806451,10.12,6.638387096774193,8.183870967741935,7.791290322580645,6.98483870967742,8.846129032258066,12.506451612903225,13.676774193548388
2064-11-30,12.628666666666668,11.972000000000001,12.787,6.229666666666666,10.781,7.057666666666666,11.129333333333333,9.298,7.776,9.592666666666666,14.509333333333332,16.231666666666666
2064-12-31,15.263870967741935,12.455483870967742,14.542903225806452,7.071935483870968,11.136129032258063,7.749354838709677,12.536774193548387,8.690967741935484,8.424193548387096,10.84032258064516,15.342258064516129,18.04
2065-01-31,15.741612903225807,15.546774193548387,15.274193548387096,8.258387096774193,13.588064516129032,9.251290322580646,13.850967741935484,11.26,9.899354838709677,11.706129032258064,16.196129032258064,17.888709677419353
2065-02-28,9.282142857142857,6.729642857142857,11.346428571428572,5.239285714285714,7.108928571428571,4.090714285714286,9.251428571428573,5.779642857142858,5.894642857142857,7.345714285714286,7.881785714285714,13.530714285714286
2065-03-31,13.009677419354839,13.721935483870968,12.73741935483871,7.183870967741935,12.867096774193548,8.855806451612903,12.14516129032258,10.572903225806451,8.754838709677419,11.606774193548388,14.807419354838709,17.66032258064516
2065-04-30,13.366666666666667,11.741333333333333,11.086333333333332,7.984333333333334,13.449333333333334,9.217,12.271666666666667,10.469666666666665,9.484666666666666,11.155666666666667,14.277666666666667,16.379666666666665
2065-05-31,11.135483870967741,10.740967741935485,11.78225806451613,6.880645161290323,10.784193548387098,7.868709677419355,9.181935483870967,8.453225806451613,6.9312903225806455,9.963548387096774,12.798064516129033,13.797096774193548
2065-06-30,11.258333333333333,10.157666666666668,11.178666666666667,6.4126666666666665,10.301333333333334,7.027,9.254666666666667,8.331333333333333,7.408,8.882333333333333,12.518666666666666,12.459666666666667
2065-07-31,9.547419354838711,8.119032258064516,9.331935483870968,5.60516129032258,8.649999999999999,5.441935483870967,8.52741935483871,7.349354838709677,6.989032258064516,8.382903225806452,10.341290322580644,13.484193548387097
2065-08-31,11.567096774193548,9.87483870967742,10.232903225806453,6.620322580645161,11.235483870967743,7.7700000000000005,10.725806451612904,8.931290322580645,8.054193548387097,9.94032258064516,13.175483870967742,16.01483870967742
2065-09-30,11.806000000000001,9.588,10.508333333333333,6.357,9.81,6.274,8.296333333333333,8.176666666666668,6.518,9.024333333333335,12.658999999999999,14.937666666666667
2065-10-31,12.419677419354839,10.436451612903225,10.958709677419353,5.965161290322581,9.569032258064516,7.0045161290322575,8.787096774193548,8.039677419354838,6.876774193548387,8.898387096774194,12.37258064516129,14.594193548387098
2065-11-30,15.062333333333333,12.166333333333334,15.034666666666668,8.019333333333332,11.875666666666666,8.237,13.396333333333333,9.779333333333334,9.344666666666667,11.450333333333333,13.570666666666666,20.715666666666667
2065-12-31,14.96774193548387,13.641935483870968,12.678064516129032,7.661935483870968,12.72258064516129,8.398709677419355,11.62741935483871,9.155806451612902,8.57516129032258,10.438709677419356,14.518064516129032,15.506129032258064
2066-01-31,15.834838709677419,13.283225806451613,15.136451612903226,8.659354838709678,12.968064516129031,9.163548387096775,12.149999999999999,10.475806451612904,8.750645161290322,10.73967741935484,14.074516129032258,15.554193548387097
2066-02-28,17.111071428571428,15.161785714285713,15.554285714285713,9.524285714285714,15.817142857142857,10.390714285714285,13.26142857142857,12.71642857142857,10.302142857142856,13.464285714285714,17.43392857142857,20.116071428571427
2066-03-31,13.061612903225807,10.668709677419356,10.784516129032259,8.182903225806452,12.973870967741936,9.16741935483871,13.188387096774193,10.016451612903225,9.96774193548387,12.190967741935484,16.758064516129032,18.443225806451615
2066-04-30,15.808,14.762,14.413666666666666,9.320333333333334,14.252333333333333,10.376,13.754999999999999,12.893,10.888333333333332,11.970666666666666,16.94066666666667,21.154
2066-05-31,13.535806451612904,12.141935483870967,11.45516129032258,7.443548387096774,11.396129032258063,8.291290322580647,9.68032258064516,8.689677419354839,8.456774193548387,9.880967741935484,14.515806451612903,13.913870967741936
2066-06-30,10.831999999999999,9.380333333333335,10.663,5.984333333333334,8.2,6.3406666666666665,7.656000000000001,5.949,6.986666666666666,8.208,11.288333333333332,11.303666666666667
2066-07-31,12.24741935483871,9.31258064516129,9.941612903225806,6.716451612903226,11.097096774193549,6.566774193548387,7.641935483870968,7.203548387096775,8.06709677419355,8.143548387096775,12.133225806451613,13.58548387096774
2066-08-31,10.571290322580644,9.087419354838708,9.821935483870968,5.355806451612903,9.471612903225807,5.110322580645162,7.2061290322580644,6.601612903225806,6.268064516129033,6.478387096774194,10.90516129032258,11.572258064516129
2066-09-30,11.052333333333333,9.372333333333334,9.630666666666666,4.881,9.975,5.575,7.303,6.816333333333334,6.158,7.483333333333333,11.983666666666666,13.094666666666667
2066-10-31,11.849354838709678,9.400645161290322,11.53741935483871,5.596774193548387,9.331290322580644,4.96741935483871,7.933870967741935,5.396451612903226,5.7303225806451605,7.3993548387096775,11.251612903225807,15.240322580645161
2066-11-30,13.814333333333334,11.779,13.142333333333333,7.227666666666667,10.957333333333334,7.051666666666667,11.816,8.219,8.483333333333333,10.292333333333334,15.567,20.938333333333333
2066-12-31,16.10322580645161,14.65516129032258,12.500967741935483,9.403548387096773,15.485161290322582,10.715483870967741,15.567419354838709,11.37225806451613,12.23741935483871,11.297419354838711,18.603225806451615,21.18032258064516
2067-01-31,13.736129032258065,11.470967741935485,11.53741935483871,6.928064516129033,10.833548387096773,6.7303225806451605,9.787419354838711,7.474838709677419,7.627096774193548,10.169032258064517,13.45774193548387,17.12451612903226
2067-02-28,14.510357142857144,13.636785714285713,13.610357142857143,8.434642857142858,14.155714285714286,9.321428571428571,13.0875,10.497142857142858,9.90392857142857,13.056785714285715,17.190357142857142,19.981428571428573
2067-03-31,15.807096774193548,13.005806451612903,13.013225806451612,10.170322580645163,14.378709677419355,10.836129032258064,17.43032258064516,12.684516129032257,13.376774193548387,14.064193548387097,19.851935483870967,23.816129032258065
2067-04-30,12.338,10.282333333333334,13.357666666666667,8.420333333333334,11.224333333333334,7.222333333333334,11.840333333333335,8.139333333333333,9.089666666666666,10.097000000000001,13.389000000000001,16.747333333333334
2067-05-31,13.118709677419355,12.03967741935484,13.74258064516129,7.747096774193548,11.879032258064516,7.519354838709678,10.462258064516128,9.311935483870968,7.973225806451613,8.896774193548387,13.61,14.691935483870967
2067-06-30,9.328666666666667,7.7026666666666666,9.014333333333333,4.982333333333333,9.664333333333333,5.224333333333333,7.166666666666667,8.399666666666667,6.240333333333334,6.968333333333334,11.323333333333332,12.424333333333333
2067-07-31,9.762258064516129,9.134516129032258,9.916774193548388,5.26,10.299032258064516,6.1732258064516135,7.078387096774194,9.323870967741936,7.206774193548387,8.701935483870967,13.55967741935484,15.37483870967742
2067-08-31,10.428064516129032,8.672903225806452,8.974193548387097,5.598709677419355,10.604516129032259,6.513225806451612,7.747741935483871,8.169677419354839,6.9477419354838705,7.007096774193548,11.398709677419355,12.952258064516128
2067-09-30,13.482666666666667,11.475666666666665,11.373666666666667,6.955666666666667,11.052666666666665,7.428333333333333,9.478333333333333,9.390333333333333,8.063666666666666,8.069666666666667,14.453333333333335,14.318
2067-10-31,16.318064516129034,14.99,14.03225806451613,8.198064516129032,14.456451612903225,9.383870967741935,12.704193548387096,11.61774193548387,10.214193548387096,11.65709677419355,19.25,20.23032258064516
2067-11-30,11.487666666666666,9.615,11.110000000000001,6.161666666666666,10.008333333333333,5.707666666666666,8.983,7.9463333333333335,7.594666666666667,7.562666666666667,14.272,18.067666666666664
2067-12-31,12.560645161290322,9.963870967741935,11.303548387096773,6.922903225806452,11.109032258064516,6.421290322580645,12.128064516129033,8.95483870967742,9.508064516129032,8.480967741935485,15.589677419354837,19.95258064516129
2068-01-31,14.733225806451614,12.829032258064515,12.294193548387097,7.849032258064516,12.26258064516129,7.1332258064516125,12.395806451612902,9.225806451612904,9.415483870967742,9.255161290322581,14.213870967741935,19.095483870967744
2068-02-29,12.294827586206896,10.802758620689657,11.742068965517241,5.358965517241379,9.67344827586207,4.63551724137931,8.494827586206897,6.803103448275862,6.0006896551724145,6.318275862068965,9.998620689655171,14.467931034482758
2068-03-31,14.451612903225806,11.906451612903227,11.720645161290324,8.480322580645161,12.782903225806452,8.29258064516129,12.452903225806452,10.838709677419354,9.569032258064516,12.362580645161291,16.263870967741937,17.92225806451613
2068-04-30,12.350666666666665,11.012333333333334,10.692666666666666,7.543333333333334,11.969666666666665,7.6899999999999995,8.959666666666667,9.348,7.376,9.049333333333333,12.479000000000001,15.338666666666665
2068-05-31,10.732903225806453,9.68774193548387,9.768387096774193,5.9316129032258065,10.203870967741935,5.337741935483871,6.974516129032258,7.877096774193548,5.458709677419355,6.508064516129032,12.54516129032258,13.442580645161291
2068-06-30,8.725666666666665,8.627,8.621333333333332,5.857,9.984333333333332,4.884,6.4623333333333335,7.0056666666666665,5.206333333333333,5.2363333333333335,12.202,10.843333333333334
2068-07-31,7.198709677419354,5.700645161290322,8.124193548387096,4.385806451612903,7.524193548387097,3.491612903225806,5.817096774193549,5.230322580645161,4.780322580645161,4.416451612903225,9.45516129032258,10.154193548387097
2068-08-31,9.231935483870968,6.870322580645161,13.07516129032258,6.074838709677419,8.954516129032257,4.835483870967742,6.752903225806452,6.429677419354839,5.882258064516129,4.733548387096774,10.793225806451613,9.819032258064516
2068-09-30,12.137,11.160666666666666,12.008000000000001,6.885999999999999,11.718666666666667,6.497333333333333,9.475999999999999,8.504,7.781333333333333,7.584,12.900333333333332,13.583666666666666
2068-10-31,12.521290322580644,11.755483870967742,11.235161290322582,6.433870967741935,11.381935483870967,6.554516129032258,8.35774193548387,9.450645161290323,8.102258064516128,8.370967741935484,14.871935483870969,16.38806451612903
2068-11-30,14.604000000000001,14.257333333333332,14.422333333333334,6.828,13.046333333333333,8.008666666666667,10.812999999999999,11.214333333333334,9.175333333333333,10.901666666666667,15.818666666666667,20.313
2068-12-31,13.090645161290322,11.132903225806452,13.237741935483871,6.069999999999999,9.675161290322581,5.445483870967742,9.338709677419354,7.143548387096774,7.893225806451613,9.208064516129031,12.050322580645162,18.806451612903224
